Player Name,Position,Team,Appearances,Minutes Played
Brenden Aaronson,"MF,FW",Leeds United,36,"2,372"
George Abbott,MF,Tottenham,1,1
Che Adams,FW,Southampton,28,"1,992"
Tyler Adams,MF,Leeds United,24,"2,156"
Tosin Adarabioyo,DF,Fulham,25,"2,085"
Nayef Aguerd,DF,West Ham,18,"1,595"
Naouirou Ahamada,"MF,FW",Crystal Palace,8,94
Rayan Aït Nouri,DF,Wolves,21,"1,076"
Kristoffer Ajer,DF,Brentford,9,763
Manuel Akanji,DF,Manchester City,29,"2,287"
Nathan Aké,DF,Manchester City,26,"1,873"
Marc Albrighton,"FW,MF",Leicester City,6,237
Thiago Alcántara,MF,Liverpool,18,"1,254"
Carlos Alcaraz,"MF,FW",Southampton,18,"1,029"
Trent Alexander-Arnold,DF,Liverpool,37,"2,923"
Alisson,GK,Liverpool,37,"3,330"
Dele Alli,MF,Everton,2,40
Miguel Almirón,FW,Newcastle Utd,34,"2,491"
Julián Álvarez,"FW,MF",Manchester City,31,"1,465"
Daniel Amartey,DF,Leicester City,20,"1,610"
Samuel Amo-Ameyaw,MF,Southampton,1,4
Joachim Andersen,DF,Crystal Palace,32,"2,782"
Elliot Anderson,"MF,FW",Newcastle Utd,22,410
Jaidon Anthony,"MF,FW",Bournemouth,30,"1,257"
Michail Antonio,FW,West Ham,33,"1,829"
Antony,FW,Manchester Utd,25,"1,802"
Cameron Archer,"FW,MF",Aston Villa,6,49
Alphonse Areola,GK,West Ham,5,309
Joe Aribo,"MF,FW",Southampton,21,"1,224"
Adam Armstrong,"FW,MF",Southampton,30,"1,335"
Stuart Armstrong,"MF,FW",Southampton,32,"1,408"
Kepa Arrizabalaga,GK,Chelsea,29,"2,565"
Pierre-Emerick Aubameyang,FW,Chelsea,15,554
Ludwig Augustinsson,DF,Aston Villa,3,77
Serge Aurier,DF,Nott'ham Forest,24,"1,943"
Taiwo Awoniyi,FW,Nott'ham Forest,27,"1,404"
Yasin Ayari,MF,Brighton,3,67
André Ayew,"FW,MF",Nott'ham Forest,13,316
Jordan Ayew,"FW,MF",Crystal Palace,38,"2,714"
Luke Ayling,DF,Leeds United,29,"2,054"
César Azpilicueta,DF,Chelsea,25,"1,527"
Benoît Badiashile,DF,Chelsea,11,905
Leon Bailey,"FW,MF",Aston Villa,33,"1,967"
Stefan Bajcetic,MF,Liverpool,11,526
Dominic Ballard,"FW,MF",Southampton,2,26
Patrick Bamford,FW,Leeds United,28,"1,515"
Shandon Baptiste,MF,Brentford,23,618
Harvey Barnes,"FW,MF",Leicester City,34,"2,711"
Gavin Bazunu,GK,Southampton,32,"2,880"
Mads Bech Sørensen,"DF,MF",Brentford,4,21
Jan Bednarek,DF,Southampton,20,"1,672"
Jan Bednarek,DF,Aston Villa,3,100
Donny van de Beek,MF,Manchester Utd,7,167
Asmir Begović,GK,Everton,1,90
Armel Bella Kotchap,DF,Southampton,24,"1,879"
Saïd Benrahma,"FW,MF",West Ham,35,"2,069"
Rodrigo Bentancur,MF,Tottenham,18,"1,500"
Daniel Bentley,GK,Wolves,2,180
Victor Bernth Kristiansen,DF,Leicester City,12,892
Owen Bevan,DF,Bournemouth,1,9
Giulian Biancone,DF,Nott'ham Forest,2,17
Philip Billing,"MF,FW",Bournemouth,36,"2,764"
Yves Bissouma,MF,Tottenham,23,"1,010"
Willy Boly,DF,Nott'ham Forest,11,685
Sven Botman,DF,Newcastle Utd,36,"3,127"
Jarrod Bowen,"FW,MF",West Ham,38,"3,233"
James Bree,DF,Southampton,5,367
Armando Broja,FW,Chelsea,12,294
David Brooks,"FW,MF",Bournemouth,6,173
Lewis Brunt,DF,Leicester City,1,23
Bryan,"MF,FW",Tottenham,4,148
Emi Buendía,"MF,FW",Aston Villa,38,"2,412"
Hugo Bueno,DF,Wolves,21,"1,310"
Facundo Buonanotte,"FW,MF",Brighton,13,565
Dan Burn,DF,Newcastle Utd,38,"3,111"
Cafú,MF,Nott'ham Forest,1,7
Moisés Caicedo,MF,Brighton,37,"3,139"
Tom Cairney,MF,Fulham,33,988
Duje Ćaleta-Car,DF,Southampton,13,946
Dominic Calvert-Lewin,FW,Everton,17,"1,165"
Chem Campbell,"FW,MF",Wolves,5,74
João Cancelo,DF,Manchester City,17,"1,274"
Thomas Cannon,FW,Everton,2,25
Sergi Canós,"FW,DF",Brentford,5,77
Diego Carlos,DF,Aston Villa,3,205
Fabio Carvalho,"MF,FW",Liverpool,13,347
Casemiro,MF,Manchester Utd,28,"2,124"
Matty Cash,DF,Aston Villa,26,"1,820"
Timothy Castagne,DF,Leicester City,37,"3,254"
Jonny Castro,DF,Wolves,18,"1,261"
Julio César Enciso,"FW,MF",Brighton,20,806
Nathaniel Chalobah,MF,Fulham,4,12
Trevoh Chalobah,DF,Chelsea,25,"1,608"
Calum Chambers,"DF,MF",Aston Villa,14,353
Shea Charles,DF,Manchester City,1,28
Ben Chilwell,"DF,MF",Chelsea,23,"1,408"
Ryan Christie,"MF,FW",Bournemouth,32,"1,834"
Carney Chukwuemeka,"MF,FW",Chelsea,14,354
Bobby Clark,MF,Liverpool,1,8
Nathaniel Clyne,DF,Crystal Palace,22,"1,640"
Conor Coady,DF,Everton,24,"2,096"
Jack Colback,MF,Nott'ham Forest,11,497
Séamus Coleman,DF,Everton,23,"1,656"
Nathan Collins,DF,Wolves,26,"1,814"
Levi Colwill,DF,Brighton,17,"1,220"
Lewis Cook,MF,Bournemouth,28,"1,720"
Steve Cook,DF,Nott'ham Forest,12,957
Liam Cooper,DF,Leeds United,18,"1,426"
Maxwel Cornet,FW,West Ham,14,245
Diego Costa,FW,Wolves,23,"1,241"
Vladimír Coufal,DF,West Ham,27,"2,136"
Philippe Coutinho,"MF,FW",Aston Villa,20,788
Conor Coventry,"MF,FW",West Ham,1,1
Matthew Craig,MF,Tottenham,1,14
Aaron Cresswell,DF,West Ham,28,"2,235"
Marc Cucurella,DF,Chelsea,24,"1,671"
Matheus Cunha,FW,Wolves,17,965
Patson Daka,FW,Leicester City,30,"1,187"
Diogo Dalot,DF,Manchester Utd,26,"2,154"
Mikkel Damsgaard,"MF,FW",Brentford,26,988
Danilo,MF,Nott'ham Forest,13,976
Arnaut Danjuma,"FW,MF",Tottenham,9,169
Josh Dasilva,MF,Brentford,36,"1,389"
Ben Davies,DF,Tottenham,31,"2,288"
Tom Davies,MF,Everton,19,538
Craig Dawson,DF,West Ham,8,720
Craig Dawson,DF,Wolves,17,"1,414"
Kevin De Bruyne,MF,Manchester City,32,"2,417"
Siriki Dembélé,"FW,MF",Bournemouth,6,110
Leander Dendoncker,MF,Aston Villa,20,697
Leander Dendoncker,MF,Wolves,4,214
Emmanuel Dennis,"FW,MF",Nott'ham Forest,19,720
Halil Dervişoğlu,MF,Brentford,1,8
Kiernan Dewsbury-Hall,MF,Leicester City,31,"2,306"
Ibrahima Diallo,MF,Southampton,18,819
Rúben Dias,DF,Manchester City,26,"1,998"
Luis Díaz,FW,Liverpool,17,996
Eric Dier,DF,Tottenham,33,"2,818"
Lucas Digne,DF,Aston Villa,28,"1,502"
Issa Diop,DF,Fulham,25,"2,012"
Moussa Djenepo,"DF,FW",Southampton,16,710
Ben Doak,FW,Liverpool,2,26
Matt Doherty,"DF,MF",Tottenham,12,667
Gabriel Dos Santos,DF,Arsenal,38,"3,409"
Abdoulaye Doucouré,MF,Everton,25,"1,533"
Cheick Doucouré,MF,Crystal Palace,34,"2,769"
Flynn Downes,MF,West Ham,21,762
Kami Doyle,MF,Southampton,1,7
Cody Drameh,DF,Leeds United,1,69
Martin Dúbravka,GK,Newcastle Utd,2,157
Shane Duffy,"DF,FW",Fulham,5,20
Lewis Dunk,DF,Brighton,36,"3,239"
Jhon Durán,"FW,MF",Aston Villa,12,136
Malcolm Ebiowei,"MF,FW",Crystal Palace,3,34
Ederson,GK,Manchester City,35,"3,150"
Odsonne Édouard,FW,Crystal Palace,35,"1,803"
Samuel Edozie,"FW,MF",Southampton,17,567
Anthony Elanga,FW,Manchester Utd,16,426
Harvey Elliott,"MF,FW",Liverpool,32,"1,613"
Mohamed Elneny,MF,Arsenal,5,113
Mohamed Elyounoussi,"MF,FW",Southampton,33,"2,168"
Emerson,DF,Tottenham,26,"1,735"
Christian Eriksen,MF,Manchester Utd,28,"2,048"
Pervis Estupiñán,DF,Brighton,35,"2,675"
Jonny Evans,DF,Leicester City,13,"1,051"
Eberechi Eze,"MF,FW",Crystal Palace,38,"2,636"
Łukasz Fabiański,GK,West Ham,36,"3,111"
Fabinho,MF,Liverpool,36,"2,671"
Wout Faes,DF,Leicester City,31,"2,786"
Felipe,DF,Nott'ham Forest,16,"1,418"
João Félix,"FW,MF",Chelsea,16,941
Evan Ferguson,FW,Brighton,19,950
Bruno Fernandes,"MF,FW",Manchester Utd,37,"3,316"
Enzo Fernández,MF,Chelsea,18,"1,547"
Roberto Firmino,"FW,MF",Liverpool,25,"1,213"
Junior Firpo,DF,Leeds United,19,"1,368"
Phil Foden,FW,Manchester City,32,"1,842"
Datro Fofana,FW,Chelsea,3,70
Wesley Fofana,DF,Leicester City,2,180
Wesley Fofana,DF,Chelsea,15,"1,183"
Pablo Fornals,"FW,MF",West Ham,32,"1,503"
Adam Forshaw,MF,Leeds United,12,479
Fraser Forster,GK,Tottenham,14,"1,215"
Tyrese Francois,FW,Fulham,1,1
Ryan Fraser,FW,Newcastle Utd,8,313
Fred,MF,Manchester Utd,35,"1,249"
Ryan Fredericks,DF,Bournemouth,12,533
Remo Freuler,MF,Nott'ham Forest,28,"2,161"
Cody Gakpo,"FW,MF",Liverpool,21,"1,458"
Conor Gallagher,MF,Chelsea,35,"1,621"
Idrissa Gana Gueye,MF,Everton,33,"2,577"
Alejandro Garnacho,"FW,MF",Manchester Utd,19,569
James Garner,"MF,DF",Everton,16,804
David de Gea,GK,Manchester Utd,38,"3,420"
Joe Gelhardt,FW,Leeds United,15,212
Saman Ghoddos,"MF,FW",Brentford,15,139
Morgan Gibbs-White,"FW,MF",Wolves,2,180
Morgan Gibbs-White,"MF,FW",Nott'ham Forest,35,"2,971"
Billy Gilmour,MF,Brighton,14,507
Degnand Gnonto,"FW,MF",Leeds United,24,"1,354"
Ben Godfrey,DF,Everton,13,802
João Gomes,MF,Wolves,11,653
Toti Gomes,DF,Wolves,17,984
Joe Gomez,DF,Liverpool,21,"1,466"
Sergio Gómez,"DF,MF",Manchester City,12,349
Anthony Gordon,"FW,MF",Newcastle Utd,16,487
Anthony Gordon,FW,Everton,16,"1,095"
Demarai Gray,"FW,MF",Everton,33,"2,507"
Jack Grealish,FW,Manchester City,28,"2,055"
Sam Greenwood,"MF,FW",Leeds United,18,424
Pascal Groß,"MF,DF",Brighton,37,"3,239"
Vicente Guaita,GK,Crystal Palace,27,"2,430"
Gonçalo Guedes,"FW,MF",Wolves,13,707
Marc Guéhi,DF,Crystal Palace,37,"3,329"
Bruno Guimarães,MF,Newcastle Utd,32,"2,726"
İlkay Gündoğan,MF,Manchester City,31,"2,353"
Darko Gyabi,FW,Leeds United,1,8
Erling Haaland,FW,Manchester City,35,"2,769"
Lewis Hall,DF,Chelsea,9,654
Luke Harris,"MF,FW",Fulham,3,13
Jack Harrison,"FW,MF",Leeds United,36,"2,708"
Kai Havertz,"FW,MF",Chelsea,35,"2,569"
Jan Paul van Hecke,DF,Brighton,8,295
Hwang Hee-chan,"FW,MF",Wolves,27,"1,130"
Dean Henderson,GK,Nott'ham Forest,18,"1,620"
Jordan Henderson,MF,Liverpool,35,"2,074"
Wayne Hennessey,GK,Nott'ham Forest,4,271
Rico Henry,DF,Brentford,37,"3,238"
Son Heung-min,"MF,FW",Tottenham,36,"2,888"
Aaron Hickey,DF,Brentford,26,"1,916"
Jack Hinshelwood,FW,Brighton,1,2
Joseph Hodge,MF,Wolves,6,175
Rob Holding,DF,Arsenal,14,566
Mason Holgate,DF,Everton,8,507
Will Hughes,MF,Crystal Palace,27,842
Omari Hutchinson,FW,Chelsea,1,23
Pierre Højbjerg,MF,Tottenham,35,"3,131"
Kelechi Iheanacho,"FW,MF",Leicester City,28,"1,127"
Danny Ings,FW,West Ham,17,775
Danny Ings,FW,Aston Villa,18,824
Alexander Isak,FW,Newcastle Utd,22,"1,522"
Daniel Iversen,GK,Leicester City,12,"1,080"
Alex Iwobi,"MF,FW",Everton,38,"3,378"
Daniel James,FW,Leeds United,4,198
Daniel James,FW,Fulham,20,621
Reece James,"DF,MF",Chelsea,16,"1,244"
Vitaly Janelt,"MF,DF",Brentford,35,"2,208"
Pontus Jansson,DF,Brentford,12,724
Mathias Jensen,MF,Brentford,37,"2,803"
Gabriel Jesus,FW,Arsenal,26,"2,064"
Raúl Jiménez,FW,Wolves,15,846
Joelinton,"MF,FW",Newcastle Utd,32,"2,661"
Ben Johnson,DF,West Ham,17,866
Brennan Johnson,"FW,MF",Nott'ham Forest,38,"2,934"
Sam Johnstone,GK,Crystal Palace,9,810
Curtis Jones,MF,Liverpool,18,"1,035"
Jorginho,MF,Arsenal,14,855
Jorginho,MF,Chelsea,18,"1,279"
Mateo Joseph,"FW,MF",Leeds United,3,26
Diogo Jota,FW,Liverpool,22,"1,131"
Hamed Junior Traorè,"FW,MF",Bournemouth,7,427
James Justin,DF,Leicester City,14,"1,252"
Mathias Jørgensen,DF,Brentford,18,"1,103"
Sasa Kalajdzic,FW,Wolves,1,45
Boubacar Kamara,MF,Aston Villa,24,"1,777"
Harry Kane,FW,Tottenham,38,"3,405"
N'Golo Kanté,MF,Chelsea,7,518
Michael Keane,DF,Everton,12,985
Neeskens Kebano,FW,Fulham,17,764
Thilo Kehrer,DF,West Ham,27,"2,230"
Naby Keïta,MF,Liverpool,8,293
Caoimhín Kelleher,GK,Liverpool,1,90
Lloyd Kelly,DF,Bournemouth,23,"2,040"
Max Kilman,DF,Wolves,37,"3,307"
Jakub Kiwior,DF,Arsenal,7,427
Mateusz Klich,"MF,FW",Leeds United,14,280
Robin Koch,DF,Leeds United,36,"3,175"
Ibrahima Konaté,DF,Liverpool,18,"1,552"
Ezri Konsa,DF,Aston Villa,38,"3,322"
Kalidou Koulibaly,DF,Chelsea,23,"1,800"
Cheikhou Kouyaté,MF,Nott'ham Forest,21,882
Mateo Kovačić,MF,Chelsea,27,"1,707"
Emil Krafth,DF,Newcastle Utd,1,1
Dejan Kulusevski,"MF,FW",Tottenham,30,"2,067"
Layvin Kurzawa,DF,Fulham,3,135
Adam Lallana,"MF,FW",Brighton,16,722
Tariq Lamptey,DF,Brighton,20,453
Manuel Lanzini,"MF,FW",West Ham,10,252
Aymeric Laporte,DF,Manchester City,12,993
Juan Larios,DF,Southampton,5,152
Jamaal Lascelles,DF,Newcastle Utd,7,218
Roméo Lavia,MF,Southampton,29,"2,221"
Dexter Lembikisa,DF,Wolves,1,23
Mario Lemina,MF,Wolves,19,"1,299"
Clément Lenglet,DF,Tottenham,26,"2,019"
Bernd Leno,GK,Fulham,36,"3,240"
Jefferson Lerma,MF,Bournemouth,37,"3,252"
Jamal Lewis,"DF,FW",Newcastle Utd,2,11
Rico Lewis,"DF,MF",Manchester City,14,903
Keane Lewis-Potter,"FW,MF",Brentford,10,321
Victor Lindelöf,DF,Manchester Utd,20,"1,365"
Jesse Lingard,"FW,MF",Nott'ham Forest,17,923
Valentino Livramento,"DF,FW",Southampton,2,28
Diego Llorente,DF,Leeds United,8,649
Hugo Lloris,GK,Tottenham,25,"2,205"
Renan Lodi,DF,Nott'ham Forest,28,"2,214"
Ruben Loftus-Cheek,"MF,DF",Chelsea,25,"1,536"
Sean Longstaff,MF,Newcastle Utd,33,"2,518"
Jamal Lowe,"MF,FW",Bournemouth,2,12
Douglas Luiz,MF,Aston Villa,37,"2,927"
Saša Lukić,MF,Fulham,12,412
Lyanco,DF,Southampton,21,"1,180"
Alexis Mac Allister,MF,Brighton,35,"2,886"
James Maddison,"MF,FW",Leicester City,30,"2,480"
Noni Madueke,FW,Chelsea,12,643
Harry Maguire,DF,Manchester Utd,16,767
Riyad Mahrez,"FW,MF",Manchester City,30,"1,920"
Kobbie Mainoo,MF,Manchester Utd,1,11
Ainsley Maitland-Niles,"DF,MF",Southampton,22,"1,407"
Tyrell Malacia,DF,Manchester Utd,22,"1,396"
Orel Mangala,MF,Nott'ham Forest,27,"1,550"
Javier Manquillo,DF,Newcastle Utd,4,37
Sekou Mara,"FW,MF",Southampton,22,555
Solly March,"FW,DF",Brighton,33,"2,715"
Emiliano Marcondes,MF,Bournemouth,1,9
Marquinhos,MF,Arsenal,1,1
Anthony Martial,FW,Manchester Utd,21,978
Martinelli,FW,Arsenal,36,"2,789"
Emiliano Martínez,GK,Aston Villa,36,"3,139"
Lisandro Martínez,DF,Manchester Utd,27,"2,114"
Pape Matar Sarr,"MF,FW",Tottenham,11,218
Jean-Philippe Mateta,FW,Crystal Palace,29,770
Joël Matip,DF,Liverpool,14,"1,092"
Neal Maupay,FW,Everton,27,"1,118"
Kevin Mbabu,"DF,FW",Fulham,6,144
Bryan Mbeumo,FW,Brentford,38,"2,906"
James McArthur,MF,Crystal Palace,4,54
Alex McCarthy,GK,Southampton,6,540
John McGinn,"MF,FW",Aston Villa,34,"2,693"
Scott McKenna,DF,Nott'ham Forest,20,"1,571"
Weston McKennie,MF,Leeds United,19,"1,437"
Dwight McNeil,"FW,MF",Everton,36,"2,498"
Scott McTominay,MF,Manchester Utd,24,"1,160"
Ben Mee,DF,Brentford,37,"3,269"
Edouard Mendy,GK,Chelsea,10,855
Nampalys Mendy,MF,Leicester City,19,757
Chris Mepham,DF,Bournemouth,26,"2,199"
Illan Meslier,GK,Leeds United,34,"3,060"
Alexander Mighten,FW,Nott'ham Forest,1,8
Lewis Miley,MF,Newcastle Utd,1,15
Luka Milivojević,MF,Crystal Palace,18,512
James Milner,"MF,DF",Liverpool,31,913
Yerry Mina,DF,Everton,7,594
Tyrone Mings,DF,Aston Villa,35,"3,150"
Tyrick Mitchell,DF,Crystal Palace,36,"2,891"
Kaoru Mitoma,"FW,MF",Brighton,33,"2,318"
Aleksandar Mitrović,FW,Fulham,24,"2,008"
Kieffer Moore,FW,Bournemouth,27,"1,279"
Andrew Moran,FW,Brighton,1,12
Álex Moreno,DF,Aston Villa,19,"1,329"
Mason Mount,"MF,FW",Chelsea,24,"1,648"
Lucas Moura,"MF,DF",Tottenham,15,153
João Moutinho,MF,Wolves,31,"1,780"
Divin Mubama,FW,West Ham,3,38
Mykhailo Mudryk,"FW,MF",Chelsea,15,657
Jacob Murphy,FW,Newcastle Utd,36,"1,251"
Enock Mwepu,"FW,MF",Brighton,6,213
Vitaliy Mykolenko,DF,Everton,34,"2,655"
Keylor Navas,GK,Nott'ham Forest,17,"1,529"
Wilfred Ndidi,MF,Leicester City,27,"1,679"
Reiss Nelson,FW,Arsenal,11,212
Neto,GK,Bournemouth,27,"2,385"
Pedro Neto,"FW,MF",Wolves,18,964
Rúben Neves,MF,Wolves,35,"3,019"
Moussa Niakhate,DF,Nott'ham Forest,14,"1,163"
Rasmus Nissen,DF,Leeds United,26,"1,960"
Eddie Nketiah,FW,Arsenal,30,"1,089"
Matheus Nunes,MF,Wolves,34,"2,467"
Darwin Núñez,FW,Liverpool,29,"1,695"
Ethan Nwaneri,FW,Arsenal,1,1
Christian Nørgaard,MF,Brentford,22,"1,763"
Lewis O'Brien,MF,Nott'ham Forest,13,584
Odeluga Offiah,DF,Brighton,2,25
Angelo Ogbonna,DF,West Ham,16,"1,237"
Michael Olise,"FW,MF",Crystal Palace,37,"2,749"
Robin Olsen,GK,Aston Villa,4,281
Amadou Onana,MF,Everton,33,"2,488"
Josh Onomah,MF,Fulham,2,15
Paul Onuachu,FW,Southampton,11,407
Frank Onyeka,MF,Brentford,21,848
Mislav Oršić,MF,Southampton,1,7
Stefan Ortega,GK,Manchester City,3,270
Dango Ouattara,"MF,FW",Bournemouth,19,"1,241"
Alex Oxlade-Chamberlain,"FW,MF",Liverpool,9,335
David Ozoh,FW,Crystal Palace,1,1
João Palhinha,MF,Fulham,35,"3,108"
Cole Palmer,"MF,FW",Manchester City,14,370
Emerson Palmieri,DF,West Ham,22,"1,320"
Lucas Paquetá,MF,West Ham,28,"2,151"
Thomas Partey,MF,Arsenal,33,"2,483"
Nathan Patterson,"DF,MF",Everton,19,"1,279"
Ben Pearson,MF,Bournemouth,7,286
Facundo Pellistri,"FW,MF",Manchester Utd,4,64
Andreas Pereira,MF,Fulham,33,"2,692"
Ricardo Pereira,"DF,MF",Leicester City,10,454
Ayoze Pérez,"MF,FW",Leicester City,8,382
Ivan Perišić,"DF,MF",Tottenham,34,"2,108"
Romain Perraud,DF,Southampton,29,"1,835"
Máximo Perrone,MF,Manchester City,1,19
Cameron Peupion,MF,Brighton,1,6
Kalvin Phillips,MF,Manchester City,12,300
Nathaniel Phillips,DF,Liverpool,2,66
Jordan Pickford,GK,Everton,37,"3,330"
Ethan Pinnock,DF,Brentford,30,"2,700"
Daniel Podence,"FW,MF",Wolves,32,"1,771"
Nick Pope,GK,Newcastle Utd,37,"3,261"
Pedro Porro,"DF,MF",Tottenham,15,"1,131"
Dennis Praet,"MF,FW",Leicester City,22,649
Isaac Price,MF,Everton,1,33
Christian Pulisic,"FW,DF",Chelsea,24,821
Aaron Ramsdale,GK,Arsenal,38,"3,420"
Jacob Ramsey,"MF,FW",Aston Villa,35,"2,636"
Marcus Rashford,FW,Manchester Utd,35,"2,879"
David Raya,GK,Brentford,38,"3,420"
Tim Ream,DF,Fulham,33,"2,897"
Nathan Redmond,DF,Southampton,1,1
Harrison Reed,MF,Fulham,37,"2,866"
Bobby Reid,"FW,DF",Fulham,36,"2,475"
Declan Rice,MF,West Ham,37,"3,273"
Chris Richards,DF,Crystal Palace,9,447
Richarlison,"MF,FW",Tottenham,27,"1,010"
Jaïro Riedewald,"DF,MF",Crystal Palace,6,64
Matt Ritchie,"FW,MF",Newcastle Utd,7,39
Andrew Robertson,DF,Liverpool,34,"2,583"
Antonee Robinson,DF,Fulham,35,"3,088"
Joel Robles,GK,Leeds United,4,360
Marc Roca,MF,Leeds United,32,"2,315"
Marek Rodák,GK,Fulham,2,180
Rodri,MF,Manchester City,36,"2,911"
Rodrigo,"FW,MF",Leeds United,31,"1,935"
Mads Roerslev,DF,Brentford,20,"1,108"
Cristian Romero,DF,Tottenham,27,"2,364"
Oriol Romeu,MF,Southampton,1,74
Cristiano Ronaldo,FW,Manchester Utd,10,525
Connor Ronan,MF,Wolves,1,1
Salomón Rondón,FW,Everton,7,109
Joe Rothwell,MF,Bournemouth,20,"1,016"
Georginio Rutter,"FW,MF",Leeds United,11,273
José Sá,GK,Wolves,36,"3,240"
Marcel Sabitzer,MF,Manchester Utd,11,627
Allan Saint-Maximin,FW,Newcastle Utd,25,"1,120"
Bukayo Saka,FW,Arsenal,38,"3,181"
Mohamed Salah,FW,Liverpool,38,"3,290"
William Saliba,DF,Arsenal,27,"2,415"
Mohammed Salisu,DF,Southampton,22,"1,973"
Albert Sambi Lokonga,MF,Arsenal,6,198
Albert Sambi Lokonga,MF,Crystal Palace,9,536
Davinson Sánchez,DF,Tottenham,18,858
Robert Sánchez,GK,Brighton,23,"2,070"
Jadon Sancho,"FW,MF",Manchester Utd,26,"1,686"
Morgan Sanson,MF,Aston Villa,2,11
Pablo Sarabia,"FW,MF",Wolves,13,765
Jeremy Sarmiento,MF,Brighton,9,176
Gianluca Scamacca,FW,West Ham,16,926
Gustavo Scarpa,"MF,FW",Nott'ham Forest,6,181
Kevin Schade,FW,Brentford,18,732
Fabian Schär,DF,Newcastle Utd,36,"3,206"
Jeffrey Schlupp,"MF,FW",Crystal Palace,34,"2,531"
Nélson Semedo,DF,Wolves,36,"2,632"
Antoine Semenyo,"FW,MF",Bournemouth,11,258
Marcos Senesi,DF,Bournemouth,31,"2,491"
Ryan Sessegnon,DF,Tottenham,17,813
Luke Shaw,DF,Manchester Utd,31,"2,552"
Jonjo Shelvey,MF,Newcastle Utd,3,37
Jonjo Shelvey,MF,Nott'ham Forest,8,540
Bernardo Silva,"MF,FW",Manchester City,34,"2,205"
Thiago Silva,DF,Chelsea,27,"2,352"
Ellis Simms,FW,Everton,11,228
Luis Sinisterra,FW,Leeds United,19,867
Oliver Skipp,MF,Tottenham,23,"1,491"
Adam Smith,DF,Bournemouth,37,"2,943"
Emile Smith Rowe,"MF,FW",Arsenal,12,172
Cédric Soares,DF,Arsenal,2,29
Cédric Soares,DF,Fulham,6,198
Dominic Solanke,"FW,MF",Bournemouth,33,"2,860"
Manor Solomon,FW,Fulham,19,572
Tomáš Souček,MF,West Ham,36,"2,815"
Boubakary Soumaré,MF,Leicester City,26,"1,629"
Harry Souttar,DF,Leicester City,12,992
Çağlar Söyüncü,DF,Leicester City,7,529
Djed Spence,"FW,DF",Tottenham,4,7
Jack Stacey,DF,Bournemouth,10,299
Junior Stanislas,MF,Bournemouth,4,61
Jay Stansfield,FW,Fulham,3,87
Jason Steele,GK,Brighton,15,"1,350"
Jack Stephens,DF,Southampton,2,46
Jack Stephens,DF,Bournemouth,15,"1,173"
Raheem Sterling,"FW,MF",Chelsea,28,"1,891"
John Stones,"DF,MF",Manchester City,23,"1,846"
Pascal Struijk,DF,Leeds United,29,"2,200"
Kamaldeen Sulemana,"FW,MF",Southampton,18,966
Crysencio Summerville,FW,Leeds United,28,"1,426"
Sam Surridge,FW,Nott'ham Forest,20,323
Japhet Tanganga,DF,Tottenham,4,146
Matt Targett,DF,Newcastle Utd,17,610
James Tarkowski,DF,Everton,38,"3,420"
Marcus Tavernier,"MF,FW",Bournemouth,23,"1,743"
Tetê,FW,Leicester City,13,734
Kenny Tete,DF,Fulham,31,"2,569"
Luke Thomas,DF,Leicester City,17,"1,073"
Youri Tielemans,MF,Leicester City,31,"2,344"
Kieran Tierney,DF,Arsenal,27,795
Harry Toffolo,DF,Nott'ham Forest,19,940
Takehiro Tomiyasu,DF,Arsenal,21,663
James Tomkins,DF,Crystal Palace,6,338
Ivan Toney,FW,Brentford,33,"2,951"
Adama Traoré,"FW,MF",Wolves,34,"1,496"
Bertrand Traoré,"FW,MF",Aston Villa,8,233
Boubacar Traoré,MF,Wolves,10,411
Mark Travers,GK,Bournemouth,12,"1,035"
Kieran Trippier,DF,Newcastle Utd,38,"3,341"
Leandro Trossard,FW,Arsenal,20,931
Leandro Trossard,"FW,MF",Brighton,16,"1,315"
Kostas Tsimikas,DF,Liverpool,20,771
Deniz Undav,"FW,MF",Brighton,22,628
Yan Valery,DF,Southampton,1,45
Virgil van Dijk,DF,Liverpool,32,"2,835"
Raphaël Varane,DF,Manchester Utd,24,"1,911"
Jamie Vardy,FW,Leicester City,37,"1,857"
Joël Veltman,DF,Brighton,31,"2,188"
Fabio Vieira,"MF,FW",Arsenal,22,514
Matías Viña,DF,Bournemouth,12,458
Rúben Vinagre,"DF,MF",Everton,2,26
Carlos Vinícius,FW,Fulham,28,"1,109"
Theo Walcott,"FW,MF",Southampton,20,"1,129"
Kyle Walker,DF,Manchester City,27,"1,958"
Kyle Walker-Peters,DF,Southampton,31,"2,650"
Aaron Wan-Bissaka,DF,Manchester Utd,19,"1,435"
Danny Ward,GK,Leicester City,26,"2,340"
Joel Ward,DF,Crystal Palace,28,"2,256"
James Ward-Prowse,MF,Southampton,38,"3,371"
Ollie Watkins,FW,Aston Villa,37,"3,127"
Adam Webster,DF,Brighton,27,"1,985"
Wout Weghorst,"FW,MF",Manchester Utd,17,797
Danny Welbeck,FW,Brighton,31,"1,854"
Ben White,DF,Arsenal,38,"3,055"
Harvey White,MF,Tottenham,1,5
Joseph Whitworth,GK,Crystal Palace,2,180
Neco Williams,DF,Nott'ham Forest,31,"1,882"
Willian,FW,Fulham,27,"2,126"
Joe Willock,MF,Newcastle Utd,35,"2,558"
Callum Wilson,FW,Newcastle Utd,31,"1,877"
Harry Wilson,FW,Fulham,29,"1,100"
Yoane Wissa,FW,Brentford,38,"1,606"
Maximilian Wöber,DF,Leeds United,16,"1,266"
Chris Wood,FW,Newcastle Utd,18,446
Chris Wood,FW,Nott'ham Forest,7,372
Joe Worrall,DF,Nott'ham Forest,30,"2,224"
Granit Xhaka,MF,Arsenal,37,"2,993"
Ryan Yates,MF,Nott'ham Forest,26,"1,837"
Ashley Young,DF,Aston Villa,29,"2,036"
Illia Zabarnyi,DF,Bournemouth,5,299
Wilfried Zaha,"FW,MF",Crystal Palace,27,"2,288"
Denis Zakaria,MF,Chelsea,7,411
Jordan Zemura,DF,Bournemouth,19,"1,454"
Oleksandr Zinchenko,DF,Arsenal,27,"2,118"
Hakim Ziyech,"FW,MF",Chelsea,18,661
Kurt Zouma,DF,West Ham,25,"1,989"
Martin Ødegaard,MF,Arsenal,37,"3,127"
